"","âˆkbps","abdomin","abhd","abhda","abnorm","abund","accord","acid","acp","activ","adcydnajc","addit","adenosin","adipocyt","adipos","adrp","adult","advanc","advent","affect","african","africanamerican","agreement","aim","algorithm","allel","alms","also","altern","although","american","among","ampk","analys","analysi","ancestri","angiotensinogen","anim","animal","annot","antibodi","antidiabet","apoa","appear","appli","approach","approxim","arlb","array","asian","assay","assess","assist","associ","associat","assume","atgl","atpa","autom","avail","away","axi","backfat","balanc","basal","base","bdnf","behaviour","benefit","bft","bhlhe","biomark","bitter","blood","bmi","bmiassoci","bodi","bodymass","brain","brainstem","broader","cagtg","call","calori","calr","can","cancer","candid","carbonyl","care","carri","casecontrol","catecholamineinduc","caucasian","caus","cdkal","cell","central","challeng","chang","chemosensori","chosen","chromatin","chromosom","circuit","classifi","clinic","clue","cntn","cohort","cola","combin","common","compani","compar","compon","compound","compris","concentr","conduct","confirm","conserv","consid","consider","consum","consumpt","context","contrast","contribut","control","crbn","creamier","critic","ctsf","custom","dakap","dars","data","databas","deal","death","decr","decreas","dedic","defect","defici","defin","demonstr","deposit","depot","depotspecif","depriv","design","despit","develop","diabet","diet","dietari","differ","differenti","diminish","disappoint","discoveri","discrimin","disord","dress","driven","droplet","drug","due","duoden","dysfunct","dysregul","earli","east","ebv","effect","effici","effort","emphas","endocrin","energi","enpp","enrich","enthusiasm","epiplo","esr","essenti","european","even","evidenc","evolutionari","exacerb","exampl","exclud","experi","explan","explor","express","expression","extend","facilit","factor","fals","famili","fat","fatmodifi","fatti","feasibl","featur","fed","feed","feedingrel","femal","find","focus","follow","food","for","form","framingham","frequenc","fsp","fto","function","further","futur","gene","geneobesitybehaviour","gener","generat","genestasr","genet","genom","genomewid","genotyp","gggta","ghrl","giprqpctl","global","glucos","gnmt","gnpda","group","growth","haploinsuffici","health","heart","help","here","heterozyg","high","higher","highfat","homeobox","homeodomain","homeostat","homolog","homozyg","howev","hsl","human","humansarlb","hypergen","hypothalam","hypothalamus","îcell","identifi","ifnî","igf","igfi","igfrspecif","iii","ikbkb","ikkînfîb","ilra","immunoprecipit","impact","impair","import","important","inbr","includ","incorpor","increas","independ","index","indic","individu","inflamm","influenc","inform","ingenuiti","inhibitor","initi","insulin","insulinlik","interact","intercross","intron","introngggta","investig","involv","ipa","islet","italian","jak","juvenil","key","kinas","knockout","knowledg","known","laboratori","lack","larg","late","leptindefici","level","lgj","lgjã—smj","ligandspecif","light","linkag","lipas","lipe","lipid","lipolysi","lipolyt","list","literatur","locat","loci","lod","low","lower","lowfat","lrrn","male","mani","mapk","margarin","mark","marker","mass","master","max","may","mcr","measur","mechan","mediat","membran","metaanalysi","metabol","metformin","method","mets","mice","might","million","mine","minor","mobil","model","molecular","monophosphateactiv","morbid","mous","mrna","mrnas","mttp","multipl","mutat","nampt","nbea","near","need","negat","neoplasia","network","neural","neurobeachin","neuromuscular","neuron","neuropeptid","new","newli","nfkbia","node","noneuropean","nontast","nos","novel","novo","npropylthiouracil","nte","nuclear","nuclei","nucleotid","number","obes","obesityinduc","obesityinsulin","obob","observ","obtain","occup","offspring","oil","oment","onli","onset","optimal","oral","otherwis","our","overal","oxid","pai","palat","pancrea","pancreat","paradigm","paramet","pathophysiolog","pathway","patient","pax","pcr","pcsk","pdx","peak","peopl","perceiv","percept","perform","perinat","peroxisom","personalis","pfp","pgcî","phase","phenotyp","phenylthiocarbamid","pig","pikakt","pioneer","pka","pkacatî","plan","plat","play","pleiotrop","pnomin","pnominallt","pnominallte","pnplaz","point","polymorph","poor","popul","porcin","portion","posit","potenti","pparg","pparî","pparîdepend","ppfplt","ppprd","practic","predict","predomin","prefer","pressur","presum","prevent","previous","primarili","prkaca","prlr","probabl","problem","product","prognosi","program","proliferatoractiv","promot","prop","proport","propos","protein","provid","ptc","ptpb","public","purpos","qtl","rais","rate","rather","ration","reach","realtim","recapitul","receptor","receptorspecif","region","regul","regulatori","relat","relationship","relev","remain","remark","replic","report","repositori","repres","requir","research","resequenc","resid","resist","respect","respond","respons","result","reveal","reward","rfc","risk","role","rragd","rudimentari","salad","sate","score","screen","sdhd","search","secb","second","seem","select","sensit","sequenc","serpinf","set","seven","sever","shall","shed","show","signal","signific","silico","similar","singl","singlenucleotid","site","small","smj","snp","snps","sow","specif","spread","start","state","still","storag","strain","strategi","stress","studi","subcutan","subject","subsequ","subset","success","suggest","surpris","surround","surviv","synaps","syndrom","synthesi","system","tag","taken","target","tasr","tast","tbcd","ten","tend","test","textur","tfapb","the","their","therapi","therefor","these","thick","thiourea","third","thirtyeight","this","though","three","threshold","thus","time","tissu","tnfî","tool","top","traffick","trait","transcript","transcriptom","translat","translocas","treatment","trial","trnt","two","type","tyrosin","ubeh","understand","uniform","unselect","use","valu","variant","variat","varieti","various","vcam","vegfa","version","vitro","vivo","warrant","wat","weight","well","whether","white","wide","wildtyp","within"
"doc-1",0,0,0,0,0,2.32192809488736,0,0,0,3.47393118833241,0,0,0,0,1.73696559416621,0,1.73696559416621,0,0,2.32192809488736,0,0,0,0,0,0,0,0,0,0,0,0,0,0,1.32192809488736,0,0,0,0,0,0,0,0,0,0,0,0,0,0,0,0,0,0,0.736965594166206,0,0,0,0,0,0,0,0,0,0,0,0,0,0,0,0,0,0,0,0,2.32192809488736,0,6.96578428466209,3.32192809488736,0,3.32192809488736,0,0,0,3.32192809488736,0,0,0,0,0,0,0,0,0,0,2.32192809488736,0,0,1.73696559416621,0,0,0,0,0,0,3.32192809488736,0,0,0,0,3.32192809488736,0,0,0,0,0,0,0,0,0,0,0,0,0,0,3.32192809488736,3.32192809488736,0,0,0,4.64385618977472,0,0,2.32192809488736,0,0,0,0,1.73696559416621,0,0,3.32192809488736,0,0,0,0,2.32192809488736,0,0,0,0,0,3.32192809488736,0,0,0.736965594166206,0,0,0,0,1.73696559416621,0,0,0,0,0,0,3.32192809488736,0,0,2.32192809488736,0,0,0,0,0,0,0,0,0,3.32192809488736,0,0,0,0,0,0,0,0,0,0,0,0,0,0,0,0,0,0,0.736965594166206,3.32192809488736,0,0,0,0,0,0,0,0,0,0,0,6.64385618977472,6.64385618977472,0,0,0,0,4.64385618977472,0,0,0,0,0,0,1.32192809488736,0,0,0.3040061868901,0,0,0,0,0,0,0,0,0,0,0,0,0,0,0,0,0,3.32192809488736,0,0,0,2.32192809488736,4.64385618977472,0,2.32192809488736,0,0,0,0,0,3.32192809488736,0,0,2.21089678249862,0,0,0,3.32192809488736,0,0.15200309344505,0,0,0,0,0,0,0,0,0,0,0,1.73696559416621,0,0,0,0,2.32192809488736,0,2.32192809488736,0,0,0,3.32192809488736,0,0,0,0,0,0,0,0,2.32192809488736,0,0,0,0,0,0,0,3.32192809488736,0,0,3.32192809488736,0,0,0,0,0,0,0,0,0,0,0,0,0,0,0,0,0,0,0,0,0,0,0,0,0,0,0,0,0,0,0,0,0,2.32192809488736,0,0,0,0,0,3.32192809488736,0,3.32192809488736,0,0,0,0,0,6.60964047443681,0,0,0,0,0,0,0,0,0,0,0,3.32192809488736,0,0,0,0,23.2534966642115,0,0,0,0,0,6.64385618977472,3.32192809488736,3.32192809488736,3.32192809488736,6.64385618977472,0,0,0,0,0,0,0,0,0,0,0,0,0,0,0,0.321928094887362,0,0,0,0,2.32192809488736,0,0,0,0,0,0,0,0,0,1.73696559416621,3.32192809488736,0,0,3.32192809488736,0,0,3.32192809488736,0,0,0,0,0,2.32192809488736,0,0,0,0,0,0,0,3.32192809488736,0,0,0,0,0,0,0,0,0,0,0,0,0,0,0,0,0,0,0,0,2.32192809488736,2.32192809488736,0,0,0,0,0,3.32192809488736,0,0,0,0,0,0,0,0,0,0,3.32192809488736,0,0,3.32192809488736,0,0,0,0,0,0,0,0,0,0,0,0,1.73696559416621,0,0,0,0,0,0,0,0,3.32192809488736,0,0,3.32192809488736,0,1.32192809488736,0,0,1.32192809488736,0,0,0,0,0,0,0,1.73696559416621,0,0,2.32192809488736,0,0,0,0,0,0,1.32192809488736,0,0,3.32192809488736,0,2.32192809488736,0,0,0,0,3.32192809488736,0,0,0,0,0,0,0,0,0,0,0,0,0,1.73696559416621,0,0,1.32192809488736,0,1.32192809488736,0,0,0,3.32192809488736,0,0,0,0,1.73696559416621,0,0,0,0,2.32192809488736,0,0,0,0,0,0.321928094887362,0,0,0,3.32192809488736,0,2.32192809488736,0,0,0,3.32192809488736,0,0,0,0,0,0,0,0,0,0,0,0,0,0,0,0,0,0,0,0,0,0,0,0,0,0,0,0,0,1.73696559416621,0,0,0,3.32192809488736,0,0,0,0,0,0,0,0,1.73696559416621,0,0,0,0,0,0,0,0,0,3.32192809488736,0,0,0,0,0,0,0,0,0,9.96578428466209,0,0,0,0,3.32192809488736,0
"doc-10",0,0,0,0,3.32192809488736,0,0,0,0,1.73696559416621,0,0,0,3.32192809488736,1.73696559416621,3.32192809488736,0,0,0,0,0,0,0,3.32192809488736,0,0,0,1,0,0,0,0,0,0,0,0,0,0,0,0,0,0,0,0,0,0,0,0,0,0,0,0,0,0.736965594166206,0,0,3.32192809488736,0,0,0,0,2.32192809488736,0,3.32192809488736,3.32192809488736,0,0,0,0,0,0,0,0,0,0,0,0,0,0,0,0,0,0,0,0,0,0,0,0,0,0,0,3.32192809488736,0,0,0,0,0,0,0,0,0,0,0,0,0,0,0,0,0,0,0,3.32192809488736,0,0,0,0,0,0,0,1.73696559416621,0,0,0,0,0,0,0,0,0,0,0,0,0,0,3.32192809488736,0,1.73696559416621,0,0,0,0,2.32192809488736,0,9.96578428466209,0,3.32192809488736,2.32192809488736,2.32192809488736,0,0,0,0,0,0,0,0,0,0,1.73696559416621,0,0,0,0,0,0,0,3.32192809488736,0,0,0,6.64385618977472,6.64385618977472,0,0,0,0,2.32192809488736,0,0,0,3.32192809488736,0,0,0,0,0,3.32192809488736,0,0,0,0,3.32192809488736,0,0,0,0,2.32192809488736,0.736965594166206,0,0,0,0,0,0,0,0,0,0,3.32192809488736,0,0,0,0,0,0,0,0,3.32192809488736,2.32192809488736,0,0,3.32192809488736,0,0,0,0,0.3040061868901,0,0,0,0,0,0,0,0,0,0,0,0,0,0,0,0,0,0,0,0,0,0,0,0,0,0,0,0,0,0,0,0,3.32192809488736,2.21089678249862,0,0,0,0,0,0.15200309344505,0,0,0,0,0,0,0,0,0,2.32192809488736,3.32192809488736,1.73696559416621,0,0,0,0,0,0,0,2.32192809488736,0,0,0,0,0,0,0,1,0,0,0,0,0,1.73696559416621,0,0,0,0,0,0,0,1.73696559416621,0,0,0,0,0,0,0,3.32192809488736,0,0,0,0,0,0,3.32192809488736,3.32192809488736,6.96578428466209,6.64385618977472,13.2877123795494,0,0,0,0,0,0,0,0,0,0,0,0,0,0,0,0,0,0,0,0,0,0,0,0,0,0,0,0,0,1.32192809488736,0,0,0,0,3.32192809488736,2.32192809488736,2.32192809488736,0,0,1.73696559416621,0,0,0,0,2.32192809488736,0,0,0,0,0,0,4.64385618977472,0,0,0,0,0,0,0,0,3.32192809488736,0,0,0,0,0,0,0,3.32192809488736,0,0,0,0.643856189774725,3.32192809488736,0,3.32192809488736,0,0,0,0,0,0,0,0,3.32192809488736,0,0,1.73696559416621,0,0,0,0,0,0,0,0,0,0,0,0,0,0,0,0,0,0,0,0,0,3.32192809488736,0,0,0,0,0,0,0,0,0,3.32192809488736,3.32192809488736,0,0,0,0,0,0,0,3.32192809488736,0,0,0,0,0,0,2.32192809488736,0,0,26.5754247590989,3.32192809488736,0,0,0,0,0,0,0,0,0,0,0,3.32192809488736,0,0,0,0,0,0,3.32192809488736,0,0,0,0,3.47393118833241,0,0,0,0,3.32192809488736,0,0,0,0,0,0,0,3.32192809488736,2.64385618977472,0,0,1.32192809488736,6.64385618977472,0,0,0,0,0,0,0,0,0,2.32192809488736,0,0,0,2.32192809488736,0,0,2.64385618977472,0,0,0,0,0,1.73696559416621,0,0,0,0,0,0,0,0,0,0,0,0,0,0,0,0,0,0,0,0,0,0,0,0,0,0,0,0,0,0,0,0,0,3.32192809488736,0,0,2.32192809488736,0,3.32192809488736,0,0,0,0,0,0,0,0,0,0,0,0,0,0,0,0,0,0,0,0,0,0,0,0,0,0,0,0,0,0,0,0,0,0,0,0,0,4.64385618977472,0,0,0,0,0,1.73696559416621,0,0,0,0,0,0,0,0,0,0,0,0,0,0,0,0,3.32192809488736,0,0,1,0,0,0,0,0,0,0,0,3.32192809488736,3.32192809488736,0,0,0,1.73696559416621,3.32192809488736,0,0,0,0
"doc-2",3.32192809488736,0,0,0,0,0,0,0,0,0,0,0,0,0,0,0,0,3.32192809488736,0,0,6.64385618977472,0,0,0,0,0,0,0,0,0,6.64385618977472,0,0,2.32192809488736,2.64385618977472,0,0,2.32192809488736,0,0,0,0,0,0,0,0,0,3.32192809488736,0,0,0,0,0,0.736965594166206,2.32192809488736,0,0,0,0,0,3.32192809488736,0,0,0,0,0,0,0,0,0,3.32192809488736,0,0,6.64385618977472,0,0,0,0,6.64385618977472,0,0,0,0,0,0,0,0,2.32192809488736,0,3.32192809488736,0,0,0,3.32192809488736,0,0,0,1.73696559416621,3.32192809488736,0,0,0,0,3.32192809488736,0,0,0,0,3.32192809488736,0,0,0,0,0,0,3.32192809488736,0,3.32192809488736,0,0,0,0,0,0,0,0,0,0,3.32192809488736,0,6.64385618977472,0,0,0,0,0,0,0,0,0,0,0,0,0,0,0,0,0,0,0,0,0,0,0,0.736965594166206,0,6.64385618977472,0,0,1.73696559416621,0,0,0,0,0,0,0,0,2.32192809488736,0,0,0,0,0,0,0,2.32192809488736,0,0,0,0,0,0,0,0,0,0,0,0,0,3.32192809488736,0,0,0,0,3.32192809488736,0,2.32192809488736,1.47393118833241,0,2.32192809488736,0,1.32192809488736,0,2.32192809488736,1.32192809488736,0,0,0,0,3.32192809488736,0,0,6.64385618977472,1.32192809488736,6.64385618977472,0,0,0,0,3.32192809488736,0,0,0,1.32192809488736,0,0,0.45600928033515,0,3.32192809488736,3.32192809488736,0,3.47393118833241,0,0,0,0,0,0,0,9.96578428466209,0,0,0,0,0,2.32192809488736,6.64385618977472,0,0,0,4.64385618977472,0,3.32192809488736,0,0,0,3.32192809488736,0,0,0,2.21089678249862,3.32192809488736,3.32192809488736,0,0,0,0.6080123737802,0,0,0,0,0,0,0,3.32192809488736,0,0,0,3.47393118833241,0,3.32192809488736,0,3.32192809488736,0,0,0,2.32192809488736,0,0,0,0,0,0,0,3,0,4.64385618977472,3.32192809488736,0,0,1.73696559416621,0,0,0,0,0,0,0,0,0,0,0,0,0,0,0,0,4.64385618977472,3.32192809488736,3.32192809488736,0,0,3.32192809488736,0,0,2.32192809488736,0,0,0,0,0,0,3.32192809488736,2.32192809488736,0,3.32192809488736,3.32192809488736,6.64385618977472,0,0,0,0,0,0,0,0,0,0,0,0,0,0,0,2.32192809488736,0,0,9.96578428466209,1.32192809488736,0,0,0,0,0,0,0,0,0,5.21089678249862,0,0,0,0,0,0,0,2.32192809488736,0,0,0,2.32192809488736,0,0,0,0,0,0,0,0,0,0,0,0,2.32192809488736,0,0,0,0,0,0,0,0.643856189774725,0,3.32192809488736,0,0,0,0,3.32192809488736,0,0,0,0,0,0,0,0,0,0,0,0,0,0,0,0,0,0,0,0,0,0,0,3.32192809488736,0,0,0,1.73696559416621,0,0,0,0,0,0,0,0,0,0,0,0,0,0,0,0,6.64385618977472,0,0,0,0,0,0,0,0,0,0,0,0,0,0,0,0,0,0,0,0,0,6.64385618977472,0,0,0,0,0,0,0,0,0,0,0,0,0,0,0,0,0,0,0,0,0,0,6.64385618977472,0,0,0,0,0,0,0,0,0,6.64385618977472,1.32192809488736,0,0,0,0,0,0,0,0,0,0,0,1.73696559416621,0,3.32192809488736,0,0,0,2.64385618977472,2.64385618977472,0,0,0,0,0,0,0,0,0,2.32192809488736,0,0,0,0,0,0,0,0,0,0,0,0,1.73696559416621,0,0,2.64385618977472,0,1.32192809488736,0,0,0,0,0,0,3.32192809488736,0,3.47393118833241,0,0,0,0,0,0,0,3.32192809488736,0,0,0.965784284662087,0,3.32192809488736,0,0,0,0,0,3.32192809488736,0,0,3.32192809488736,0,0,0,0,0,0,0,0,0,0,0,0,0,2.64385618977472,3.32192809488736,0,0,0,0,0,0,0,4.64385618977472,0,0,0,0,6.64385618977472,0,0,0,0,0,2.32192809488736,0,0,0,0,2.32192809488736,0,3.32192809488736,0,0,0,0,0,0,0,0,0,0,0,0,0,0,0,0,0,0,3.32192809488736,0,0,1.73696559416621,0,4.64385618977472,0,0,2.32192809488736
"doc-3",0,0,0,0,0,0,0,3.32192809488736,0,0,0,1.73696559416621,0,0,0,0,1.73696559416621,0,0,0,0,3.32192809488736,0,0,0,0,0,1,0,0,0,0,0,0,0,0,0,2.32192809488736,0,0,0,0,0,0,0,0,0,0,0,0,0,0,0,0,0,3.32192809488736,0,0,0,0,0,0,0,0,0,0,0,0,0,0,0,0,3.32192809488736,0,0,0,0,0,0,0,0,0,0,0,0,0,0,0,0,0,0,0,0,0,0,0,4.64385618977472,0,0,0,3.32192809488736,0,0,0,0,0,0,0,0,0,0,0,0,3.32192809488736,0,0,6.64385618977472,0,0,2.32192809488736,1.73696559416621,0,0,0,0,0,0,0,0,0,0,3.32192809488736,2.32192809488736,0,0,0,0,1.73696559416621,0,0,0,0,0,0,0,0,0,0,0,0,0,0,0,0,0.736965594166206,0,0,3.32192809488736,0,0,0,0,0,3.32192809488736,0,3.32192809488736,0,0,0,0,0,0,0,0,0,0,0,0,0,0,0,0,0,0,0,0,0,0,0,3.32192809488736,0,0,0,3.32192809488736,0,0,0,0,0.736965594166206,0,0,0,0,0,0,10.5754247590989,3.32192809488736,3.32192809488736,0,0,0,0,0,0,1.32192809488736,0,0,6.96578428466209,0,0,0,0,0,0,0,0,0,0.15200309344505,0,0,0,3.32192809488736,0,0,0,6.96578428466209,0,0,0,0,0,0,0,0,0,0,0,0,3.32192809488736,0,0,0,4.64385618977472,0,0,0,0,0,0,1.73696559416621,0,0.736965594166206,0,0,0,0,0,0.3040061868901,0,0,0,0,0,0,0,0,0,0,0,0,0,0,2.64385618977472,0,0,0,0,0,4.64385618977472,0,0,3.32192809488736,0,0,0,0,0,0,0,0,0,0,0,0,0,2.32192809488736,0,0,0,0,0,0,0,3.32192809488736,0,0,0,0,0,0,0,0,0,0,0,0,0,0,0,0,0,0,0,0,0,0,0,0,0,0,0,3.32192809488736,0,0,0,0,0,2.64385618977472,0,0,0,0,0,0,0,0,0,0,0,0,0,0,0,0,0,0,0,0,0,0,0,0,1.73696559416621,0,0,0,0,0,0,0,0,0,0,0,0,0,0,0,0,0,0,3.32192809488736,0,0,0,3.32192809488736,0,0,0,0,0,0,0,0,0,0,0,0,0,3.32192809488736,0,0,0,0,3.32192809488736,0,0,0,0,0,0,0,0,0,0,0,0,0,0,0,0,0,0,0,3.32192809488736,3.32192809488736,0,0,0,0,0,0,0,0,3.32192809488736,0,0,0,0,0,0,0,6.64385618977472,0,0,0,0,0,0,0,3.32192809488736,1.32192809488736,0,0,0,0,0,0,0,0,0,0,2.32192809488736,0,13.2877123795494,0,0,0,0,0,0,0,0,0,3.32192809488736,0,0,0,0,3.32192809488736,0,0,0,1.73696559416621,3.32192809488736,0,0,0,0,0,0,0,0,0,0,0,2.64385618977472,0,0,0,0,0,0,0,0,0,0,3.47393118833241,0,0,0,1.73696559416621,0,0,0,0,0,2.64385618977472,0,0,0,0,0,3.47393118833241,0,0,3.32192809488736,0,0,3.32192809488736,0,0,0,0,0,0,0,0,0,0,0,0,0,0,0,0,0,0,0,0,0,4.64385618977472,0,0,0,0,0,0,3.32192809488736,0,0,0,0,0,0,0,0.321928094887362,0,0,0,0,0,2.32192809488736,0,0,0,0,0,0,0,0,0,0,3.32192809488736,9.96578428466209,0,0,6.64385618977472,0,3.32192809488736,0,0,0,0,0,0,0,3.32192809488736,0,0,0,3.32192809488736,0,0,0,0,0,0,0,0,0,0,0,0,0,3.32192809488736,0,0,0,0,3.32192809488736,0,0,0,0,0,0,0,2.32192809488736,0,0,0,0,0,3.32192809488736,0,0,0,0,0,0,0,0,0,0,0
"doc-4",0,0,3.32192809488736,3.32192809488736,0,0,3.32192809488736,0,3.32192809488736,0,0,1.73696559416621,0,0,0,0,0,0,0,4.64385618977472,0,0,3.32192809488736,0,0,3.32192809488736,3.32192809488736,2,0,0,0,3.32192809488736,0,4.64385618977472,2.64385618977472,0,0,0,3.32192809488736,0,0,0,3.32192809488736,0,3.32192809488736,6.96578428466209,0,0,0,0,3.32192809488736,0,3.32192809488736,1.47393118833241,2.32192809488736,0,0,3.32192809488736,0,2.32192809488736,0,2.32192809488736,3.32192809488736,0,0,1.73696559416621,0,0,0,13.2877123795494,0,0,0,0,0,0,0,0,0,0,0,3.32192809488736,3.32192809488736,0,3.32192809488736,0,0,6.96578428466209,0,0,3.32192809488736,3.32192809488736,0,0,0,0,0,0,0,0,0,3.32192809488736,0,0,0,0,0,3.32192809488736,0,0,3.32192809488736,2.32192809488736,0,0,0,0,0,0,0,0,0,0,0,0,0,0,0,0,0,0,0,0,0,3.32192809488736,0,0,3.32192809488736,0,3.32192809488736,3.32192809488736,0,3.32192809488736,0,0,0,0,0,0,4.64385618977472,0,0,0,3.32192809488736,0,0,0,0,0,3.32192809488736,0,0,0,0,0,0,0,0,0,0,2.32192809488736,0,0,0,0,0,6.64385618977472,0,0,0,0,0,0,3.32192809488736,0,0,0,3.32192809488736,0,0,0,0,0,0,0,3.32192809488736,0,0,0,0.736965594166206,0,0,0,1.32192809488736,3.32192809488736,0,2.64385618977472,0,0,0,0,0,0,0,0,0,0,0,0,0,0,0,3.32192809488736,0,0,1.32192809488736,0,0,1.2160247475604,0,0,0,0,1.73696559416621,0,0,2.32192809488736,3.32192809488736,3.32192809488736,0,0,0,3.32192809488736,0,0,0,0,0,0,0,0,0,0,0,0,0,0,0,0,0,0,0,1.47393118833241,0,0,3.32192809488736,0,0,0.3040061868901,0,2.32192809488736,0,0,0,6.64385618977472,3.32192809488736,0,0,0,0,0,0,0,2.64385618977472,0,0,3.32192809488736,0,0,0,0,0,0,3.32192809488736,0,0,0,0,0,0,2.32192809488736,3.32192809488736,1.73696559416621,1.73696559416621,3.32192809488736,0,4.64385618977472,3.32192809488736,0,3.32192809488736,0,0,1.73696559416621,0,0,0,4.64385618977472,0,0,0,0,0,0,0,0,0,0,0,0,0,3.32192809488736,2.32192809488736,0,0,0,2.32192809488736,0,0,0,0,0,0,0,0,13.2877123795494,0,0,3.32192809488736,0,2.32192809488736,0,0,0,0,0,0,0,3.32192809488736,0,0,2.32192809488736,0,6.64385618977472,3.32192809488736,0,0,0,0,0,0,0,0,3.32192809488736,1.73696559416621,0,0,0,0,0,3.32192809488736,0,0,0,0,0,0,0,0,0,6.64385618977472,0,0,0,0,0,0,0,3.32192809488736,0,3.32192809488736,3.32192809488736,0,0.643856189774725,0,0,0,0,4.64385618977472,0,0,0,0,0,0,0,0,0,0,0,0,0,0,0,0,0,0,0,2.64385618977472,0,0,0,0,0,0,0,0,0,0,0,0,0,3.32192809488736,0,0,0,0,13.2877123795494,0,0,0,0,3.32192809488736,3.32192809488736,0,0,9.96578428466209,3.32192809488736,3.32192809488736,0,2.32192809488736,9.28771237954945,0,1.32192809488736,3.32192809488736,3.32192809488736,4.64385618977472,0,3.32192809488736,0,0,3.32192809488736,3.32192809488736,0,0,0,0,0,0,0,1.73696559416621,0,0,3.32192809488736,0,3.32192809488736,0,0,3.32192809488736,0,0,0,3.32192809488736,3.32192809488736,0,1.73696559416621,0,0,0,0,0,0,3.32192809488736,0,0,0,0,0,0,0,0,0,0,2.32192809488736,3.32192809488736,0,3.32192809488736,0,0,0,0,6.64385618977472,0,0,3.32192809488736,0,0,0,0,0,2.64385618977472,0,0,3.32192809488736,0,0,3.32192809488736,0,0,0,2.32192809488736,0,3.32192809488736,0,0,3.32192809488736,0,6.64385618977472,0,4.64385618977472,3.32192809488736,0,0,0,0,0,1.32192809488736,0,5.28771237954945,2.32192809488736,3.32192809488736,3.32192809488736,0,2.32192809488736,0,0,26.5754247590989,0,3.32192809488736,0,0,3.32192809488736,0,0,0,0,0,0,0.965784284662087,0,0,3.32192809488736,0,3.32192809488736,0,0,0,0,0,0,0,0,3.32192809488736,3.32192809488736,0,0,0,3.32192809488736,0,0,6.64385618977472,0,0,7.93156856932417,0,0,0,3.32192809488736,3.32192809488736,0,3.32192809488736,3.32192809488736,0,0,0,0,0,0,0,0,0,6.64385618977472,0,4.64385618977472,0,0,0,0,0,0,0,1.73696559416621,0,0,3.32192809488736,0,0,0,4,2.32192809488736,0,0,0,0,3.32192809488736,0,0,0,0,0,3.32192809488736,0,0,0,4.64385618977472,0,0,4.64385618977472
"doc-5",0,0,0,0,0,0,0,0,0,0,3.32192809488736,3.47393118833241,0,0,0,0,0,0,0,0,0,0,0,0,0,0,0,0,0,0,0,0,0,0,0,3.32192809488736,0,0,0,0,0,0,0,0,0,0,3.32192809488736,0,0,6.64385618977472,0,0,0,2.94786237666482,0,0,0,0,0,0,0,0,0,0,0,0,3.32192809488736,0,0,0,0,0,0,0,6.96578428466209,3.32192809488736,2.32192809488736,0,0,0,0,0,0,0,0,0,0,0,0,0,0,0,0,0,0,3.32192809488736,0,0,0,0,0,0,0,0,0,0,0,0,0,0,0,0,0,0,0,0,0,0,0,4.64385618977472,0,0,0,0,0,0,0,0,0,0,0,0,0,0,0,0,0,0,0,0,0,0,0,0,0,0,0,2.32192809488736,0,0,0,0,0,0,0,0,0,0,0,0,0,0,0,0,0,0,0,0,0,0,0,0,0,0,6.64385618977472,0,0,0,0,0,0,0,0,0,0,0,0,0,3.32192809488736,0,0,0,0,0,0,0,0,0,0,0,0,0,0,0,0,0,0,0,0,0,0,0,0,0,1.32192809488736,0,3.32192809488736,0,0,0,0,0,0,3.32192809488736,0,0,0,0.3040061868901,0,0,0,0,3.47393118833241,0,9.96578428466209,0,0,0,3.32192809488736,0,0,0,3.32192809488736,0,0,0,0,0,0,0,0,0,0,0,0,0,0,0,0,0,0,0,0,0,0,0,0,0.76001546722525,0,0,0,0,0,0,0,0,0,0,0,0,0,0,2.64385618977472,0,0,0,2.32192809488736,0,0,0,0,0,0,0,0,0,0,0,0,0,0,0,1.73696559416621,0,0,0,0,0,0,0,0,0,0,0,0,0,0,0,0,0,0,0,3.32192809488736,0,0,0,0,0,0,0,0,0,19.9315685693242,0,0,0,0,0,0,0,3.32192809488736,0,0,0,2.32192809488736,0,0,1.32192809488736,2.32192809488736,0,0,0,0,3.32192809488736,0,0,0,0,0,0,3.32192809488736,0,0,0,0,0,0,0,0,0,0,0,1.73696559416621,0,0,0,6.96578428466209,0,0,0,0,0,0,0,0,0,3.32192809488736,3.32192809488736,0,0,3.32192809488736,0,0,2.32192809488736,3.32192809488736,0,0,0,0,0,0,0.643856189774725,0,0,0,0,0,0,0,0,0,0,0,0,0,0,0,0,0,0,0,0,0,0,0,0,1.32192809488736,0,3.32192809488736,0,3.32192809488736,0,0,0,0,0,1.73696559416621,0,0,0,0,0,0,0,0,0,0,0,0,0,0,0,0,0,0,0,0,0,0,0,0,2.64385618977472,0,0,0,0,0,0,0,0,0,0,0,3.32192809488736,0,0,0,0,3.47393118833241,0,0,0,0,0,0,0,0,0,0,0,0,0,0,0,0,0,0,0,0,0,0,0,0,3.32192809488736,0,0,0,0,0,0,0,0,0,0,0,0,2.32192809488736,0,0,0,0,0,0,0,0,3.32192809488736,0,0,0,0,0,0,0,0,0,0,0,0,0,0,0,0,3.32192809488736,0,0,0,0,0,0,0,3.32192809488736,0,0,3.32192809488736,0,1.73696559416621,2.64385618977472,2.32192809488736,0,0,0,0,0,0,0,1.73696559416621,0,0,0,0,0,0,0,0,0,0,1.28771237954945,0,0,0,0,0,0,0,0,0,0,0,0,0,0,0,0,0,0,0,3.32192809488736,0,0,0,3.32192809488736,0,0,0,0,0,0,0,0,0,0,0,6.64385618977472,3.32192809488736,0,0,0,0,0,0,0,0,0,0,0,0,0,0,0,1.73696559416621,0,0,0,0,0,0,0,2.32192809488736,0,0,0,0,0,0,0,0,0,0,0,0,0,0,0,0,0,0
"doc-6",0,0,0,0,0,2.32192809488736,0,0,0,0,0,0,0,0,0,0,0,0,3.32192809488736,0,0,0,0,0,3.32192809488736,0,0,0,0,0,0,0,0,0,0,0,0,0,0,0,0,0,0,0,0,4.64385618977472,0,0,0,0,0,0,0,0,0,0,0,0,3.32192809488736,2.32192809488736,0,0,0,0,0,1.73696559416621,0,3.32192809488736,0,0,0,0,0,0,0,0,0,0,0,0,0,0,0,0,0,3.32192809488736,0,0,0,0,0,0,0,0,0,0,0,0,0,0,0,0,0,0,0,0,0,0,0,0,0,0,0,0,0,0,0,0,3.32192809488736,0,0,0,0,0,0,0,0,0,0,2.32192809488736,0,0,0,0,0,0,0,0,0,0,0,0,0,3.32192809488736,0,0,0,0,0,0,0,0,0,0,1.47393118833241,0,0,0,0,0,0,0,3.32192809488736,0,0,0,0,0,0,0,0,0,0,0,0,0,0,2.32192809488736,3.32192809488736,0,0,0,0,0,0,0,0,0,0,0,0,0,0,0,0,0,0,0,0,0,2.32192809488736,3.32192809488736,0,0,0,0,0,0,3.32192809488736,0,0,0,0,0,1.32192809488736,0,0,0,0,0,0,0,0,0,0,0,3.32192809488736,0.15200309344505,6.64385618977472,0,0,0,0,9.96578428466209,0,0,0,0,0,0,0,0,0,0,0,0,2.32192809488736,0,0,0,0,0,0,0,0,0,0,0,0,1.73696559416621,0,0,0,0,0,0,0,0.15200309344505,0,0,0,0,0,0,0,0,0,2.32192809488736,0,0,0,0,0,0,0,0,0,0,0,0,0,0,0,0,0,0,0,4.64385618977472,0,0,0,0,1.73696559416621,0,0,0,0,0,0,0,0,1.73696559416621,0,0,0,2.32192809488736,0,0,0,0,0,0,0,0,0,0,0,0,0,0,2.32192809488736,0,0,0,0,0,0,0,0,0,0,0,0,0,0,0,0,1.32192809488736,0,0,0,0,0,0,0,0,0,0,0,2.32192809488736,0,0,0,0,0,0,0,0,0,0,0,0,0,0,0,0,0,2.32192809488736,0,0,0,0,0,0,0,0,0,0,0,0,0,0,0,0,0,0,0,0,0,0,0,0.965784284662087,0,0,0,0,0,0,0,0,0,0,0,0,0,0,1.73696559416621,0,0,0,0,0,0,0,0,0,0,0,0,0,0,0,0,0,0,0,0,0,0,6.64385618977472,0,0,2.32192809488736,0,0,0,0,3.32192809488736,0,0,0,0,0,0,0,0,0,0,0,0,0,1.32192809488736,0,0,0,0,0,0,0,0,0,3.32192809488736,0,0,0,0,0,6.64385618977472,0,0,0,0,0,0,0,0,0,0,0,0,0,0,0,0,0,0,3.32192809488736,0,0,0,0,0,0,0,0,0,0,0,0,0,0,0,0,0,0,0,2.32192809488736,0,3.32192809488736,0,0,5.21089678249862,0,0,0,0,0,0,0,0,0,0,0,0,0,0,0,0,0,0,0,3.32192809488736,0,0,3.32192809488736,0,0,0,0,0,0,0,3.32192809488736,0,0,0,0,0,0,0,0,0,0,0,0,0,0,0,0,0,0,3.32192809488736,0,0,0,0,0.321928094887362,0,0,0,0,0,0,0,0,0,0,0,3.32192809488736,0,0,0,0,0,0,0,0,0,0,0,0,0,0,0,2.32192809488736,0,0,0,0,0,0,0,0,0,0,0,0,0,6.64385618977472,0,0,0,0,0,3.32192809488736,0,0,0,0,0,0,0,0,0,0,0,1,0,2.32192809488736,0,0,0,0,0,0,0,0,0,0,0,1.73696559416621,0,0,2.32192809488736,0,0
"doc-7",0,0,0,0,0,0,0,0,0,0,0,0,0,0,0,0,0,0,0,0,0,0,0,0,0,0,0,2,3.32192809488736,3.32192809488736,0,0,0,0,0,0,0,0,0,0,6.64385618977472,3.32192809488736,0,0,0,0,0,0,0,0,0,0,0,0,0,0,0,0,0,0,0,0,0,0,0,0,0,0,3.32192809488736,0,0,3.32192809488736,0,0,0,0,0,0,0,0,3.32192809488736,0,0,0,0,0,6.64385618977472,0,0,0,0,0,0,0,0,0,0,0,0,0,0,0,0,0,0,0,6.64385618977472,0,0,0,0,2.32192809488736,0,0,0,0,0,0,0,0,0,0,3.32192809488736,3.32192809488736,0,0,3.32192809488736,0,0,0,0,0,0,0,0,0,0,0,0,0,0,0,0,0,0,0,0,0,0,0,0,0,0,0,0.736965594166206,2.32192809488736,0,0,0,0,0,3.32192809488736,0,0,0,0,0,0,2.32192809488736,0,0,0,0,2.32192809488736,0,0,2.32192809488736,0,0,0,0,0,0,0,3.32192809488736,0,0,0,0,0,0,0,0,0,0,0,0,0,0,0,0,0,1.32192809488736,0,2.32192809488736,0,0,0,0,0,0,0,0,0,0,0,0,0,0,0,0,0,0,0,0,3.32192809488736,0,0,0,0,0,0,0,0,0,0,0,0,0,0,0,0,0,0,3.32192809488736,0,0,0,0,0,0,0,0,0,0,0,0,0,0,0,0,0,0,0,0,0,0,0.15200309344505,0,2.32192809488736,3.32192809488736,3.32192809488736,3.32192809488736,0,0,0,0,0,0,0,0,0,1.32192809488736,0,0,0,0,0,0,0,0,0,0,6.64385618977472,3.32192809488736,2,3.32192809488736,0,0,0,0,0,0,0,0,0,0,0,0,1.73696559416621,0,0,0,0,0,0,0,0,0,0,0,3.32192809488736,0,0,0,0,0,0,0,0,0,0,0,0,0,0,0,0,0,0,0,0,0,0,0,0,0,1.32192809488736,0,0,0,0,0,0,0,3.32192809488736,0,0,0,0,0,0,0,0,0,0,0,0,0,0,0,0,0,0,0,0,0,2.32192809488736,0,3.32192809488736,0,0,0,0,0,0,0,0,0,0,0,0,0,0,0,0,0,0,0,0,0,0.321928094887362,0,0,0,0,0,0,0,0,0,0,0,0,0,0,0,0,0,0,0,0,0,0,0,3.32192809488736,1.32192809488736,2.32192809488736,0,0,0,0,0,0,0,0,0,0,0,0,0,0,4.64385618977472,0,0,0,3.32192809488736,0,0,0,0,0,0,0,0,0,0,0,0,0,0,0,0,0,0,0,0,0,0,0,0,0,2.32192809488736,0,0,0,0,0,0,0,0,0,3.32192809488736,0,0,3.32192809488736,0,0,0,0,0,0,0,0,0,0,0,0,0,3.32192809488736,0,0,3.32192809488736,0,0,0,2.64385618977472,3.32192809488736,0,0,0,2.32192809488736,0,2.32192809488736,0,0,0,0,0,0,0,0,0,0,0,0,3.32192809488736,0,1.32192809488736,0,0,0,2.32192809488736,0,0,0,0,0,0,0,0,0,0,0,0,0,0,0,0,0,0,1.73696559416621,0,0,0,1.73696559416621,0,0,0,0,0,0,0,0,0,0,0,0,0,0,0,0,0,0,3.32192809488736,0,0.321928094887362,0,0,0,0,0,0,0,0,0,0,0,0,0,0,0,4.64385618977472,0,0,0,0,0,0,0,0,1.32192809488736,0,3.32192809488736,0,0,0,0,0,0,0,0,0,0,0,0,0,0,0,0,0,0,0,0,0,0,2.32192809488736,3.32192809488736,0,0,0,3.32192809488736,0,0,0,3.32192809488736,3,0,0,0,0,0,0,0,0,0,0,0,0,0,0,0,0,0,0,0
"doc-8",0,6.64385618977472,0,0,0,0,0,0,0,5.21089678249862,0,0,3.32192809488736,0,3.47393118833241,0,0,0,0,0,0,0,0,0,0,0,0,0,0,0,0,0,9.96578428466209,0,0,0,3.32192809488736,0,0,0,0,0,0,3.32192809488736,0,0,0,0,3.32192809488736,0,0,3.32192809488736,0,0.736965594166206,0,0,0,0,0,0,0,0,0,0,0,1.73696559416621,0,0,0,0,0,0,0,0,0,0,0,0,0,0,0,0,0,0,0,0,0,0,3.32192809488736,0,0,0,0,0,0,0,0,0,0,6.64385618977472,0,0,0,0,0,3.32192809488736,0,0,0,0,0,0,0,0,9.96578428466209,0,0,0,0,0,1.73696559416621,0,0,0,0,0,0,3.32192809488736,0,0,0,0,0,0,3.32192809488736,0,0,0,0,0,0,0,4.64385618977472,0,0,0,0,0,0,6.64385618977472,3.32192809488736,0,0,0,0,0,0,0,0,0,3.32192809488736,0,0,0,0,0,0,0,0,0,0,0,0,0,0,0,0,0,0,0,0,0,0,0,0,6.64385618977472,0,0,0,0,0,0,0,0,0,0,0,0,0.736965594166206,0,0,0,0,0,0,6.60964047443681,0,0,0,0,0,0,0,0,0,0,0,0,0,0,0,0,0,0,0,0,0,0.3040061868901,0,0,0,0,0,0,0,0,0,0,0,0,0,0,0,6.64385618977472,0,0,0,0,0,2.32192809488736,0,0,0,0,0,0,3.32192809488736,0,0,3.47393118833241,0,0,0,0,0,0,0,0,3.32192809488736,0,0,0,0,0,0,0,0,0,0,0,0,0,0,0,13.9315685693242,0,0,0,6.96578428466209,3.32192809488736,0,0,0,0,0,9,0,0,0,0,0,0,0,0,0,0,0,0,0,1.73696559416621,0,0,0,0,0,0,0,0,6.96578428466209,0,0,0,0,0,0,0,0,0,0,0,0,0,0,0,0,3.32192809488736,0,0,0,0,0,0,3.32192809488736,0,0,0,0,0,0,3.32192809488736,0,0,0,0,0,0,0,0,0,0,0,0,0,0,2.32192809488736,0,3.32192809488736,6.64385618977472,0,6.64385618977472,0,0,0,0,3.32192809488736,0,0,0,0,0,0,0,0,0,0,0,0,0,0,0,0,0,3.32192809488736,0,0,0,0,0,0,0,3.32192809488736,1.28771237954945,0,0,0,3.32192809488736,0,0,0,0,9.96578428466209,3.32192809488736,0,0,0,3.32192809488736,0,0,6.64385618977472,3.32192809488736,0,0,0,0,3.32192809488736,0,0,6.96578428466209,0,2.32192809488736,0,0,0,3.32192809488736,0,0,0,0,0,0,0,3.32192809488736,0,0,0,0,0,0,0,0,0,0,0,0,0,0,0,0,0,0,0,0,0,0,0,0,0,0,0,0,0,0,0,0,0,0,0,0,1.73696559416621,0,0,0,0,0,0,0,0,0,0,0,0,0,3.47393118833241,0,0,3.32192809488736,0,0,0,0,0,0,0,0,0,0,0,0,0,0,0,0,0,0,0,0,0,1.73696559416621,0,0,0,0,0,0,13.9315685693242,0,0,0,0,3.32192809488736,0,0,0,0,0,0,0,0,0,0,0,0,0,0,0,0,9.96578428466209,0,0,0,0,0,0,0,3.96578428466209,0,0,0,0,0,0,0,3.32192809488736,0,0,0,0,0,0,0,0,0,0,0,0,6.64385618977472,0.321928094887362,6.64385618977472,0,0,0,0,0,3.32192809488736,0,0,0,0,0,0,0,0,0,0,0,0,0,0,0,0,0,0,0,0,0,0,0,0,0,0,0,0,0,0,3.32192809488736,0,3.47393118833241,3.32192809488736,0,0,0,0,0,0,0,0,0,0,0,0,0,0,0,0,3.32192809488736,0,0,0,0,0,3.32192809488736,0,0,3.32192809488736,0,0,0,0,0,0,0,0,0,2.32192809488736,0,0
"doc-9",0,0,0,0,0,0,0,0,0,0,0,0,0,0,0,0,1.73696559416621,0,0,0,0,0,0,0,0,0,0,1,0,0,0,0,0,0,1.32192809488736,0,0,0,0,3.32192809488736,0,0,0,0,0,0,0,0,0,0,0,0,0,0,0,0,0,0,0,0,0,0,0,0,0,0,0,0,0,0,0,0,0,0,0,0,0,0,0,0,0,0,0,0,0,0,0,0,0,0,0,0,0,0,2.32192809488736,0,2.32192809488736,1.73696559416621,0,0,0,0,3.32192809488736,0,0,0,0,0,0,0,0,0,0,0,0,0,0,0,0,0,0,6.64385618977472,0,0,0,0,0,0,0,0,0,0,0,0,0,0,0,0,0,0,0,0,0,0,0,2.32192809488736,0,0,0,0,0,0,0,3.32192809488736,1.47393118833241,2.32192809488736,0,0,0,0,0,0,0,0,3.32192809488736,0,0,0,0,0,3.32192809488736,0,0,2.32192809488736,0,0,0,0,0,0,3.32192809488736,0,0,3.32192809488736,0,0,0,0,0,0,0,3.32192809488736,0,0,0,0,3.32192809488736,0,0,0,0,0,2.64385618977472,0,0,0,0,0,0,0,0,0,0,0,0,0,0,0,0,2.32192809488736,0,0,0,0,3.96578428466209,0,0,0.3040061868901,0,0,0,0,0,0,0,0,0,0,0,3.32192809488736,0,0,0,0,0,0,0,0,0,0,2.32192809488736,2.32192809488736,0,0,3.32192809488736,3.32192809488736,0,0,0,0,0,2.21089678249862,0,0,0,0,3.32192809488736,0.15200309344505,0,0,0,0,0,0,0,0,3.32192809488736,0,0,0,3.32192809488736,0,0,0,0,0,0,0,0,0,0,0,0,0,0,1,0,0,0,0,0,0,0,0,6.64385618977472,0,0,0,0,0,0,1.73696559416621,3.32192809488736,0,3.32192809488736,0,3.32192809488736,0,0,0,0,0,0,0,0,0,0,0,0,0,0,3.32192809488736,0,0,0,0,0,0,0,3.32192809488736,0,0,0,0,0,3.32192809488736,0,0,0,0,0,3.32192809488736,0,0,2.32192809488736,0,0,0,1.32192809488736,0,0,0,0,0,0,2.32192809488736,0,0,1.73696559416621,0,0,0,0,2.32192809488736,0,0,0,0,0,0,0,0,0,0,0,0,0,0,0,0,0,0,0,0,0,0,0,0,0,0,0,0,0,0,0,0,0,3.32192809488736,0,0,0,0,3.32192809488736,0,0,0,0,0,0,0,0,6.64385618977472,6.64385618977472,0,0,0,1.32192809488736,0,0,0,0,23.2534966642115,0,0,0,0,3.47393118833241,0,0,0,0,0,0,6.64385618977472,0,0,0,0,0,0,0,0,0,0,0,0,0,0,0,0,0,0,0,0,0,0,0,0,0,0,0,0,0,0,0,0,0,0,0,0,0,0,0,0,0,0,0,0,3.32192809488736,0,0,0,0,1.73696559416621,0,0,0,0,0,0,0,0,0,0,0,0,0,0,0,1.32192809488736,0,0,0,2.32192809488736,0,3.32192809488736,0,0,0,0,0,0,0,0,0,0,0,0,1.32192809488736,0,0,0,0,1.73696559416621,0,3.32192809488736,0,0,0,0,0,0,0,0,0,0,0,2.32192809488736,0,3.32192809488736,0,0,0,0,0,1.73696559416621,0,0,0,0,0,0,0,0,0,0,0,0,0,0,0,0,0,0,0,0,0,0,0,0,0,0,0,0,0,3.32192809488736,0,0,0,3.32192809488736,0,0,9.28771237954945,0,0,0,0,0,0,0,0,1.32192809488736,0,0,2.32192809488736,0,0,0,0,0,0,0,0,0,0,0,0,0,0,0,0,0,3.32192809488736,3.32192809488736,0,0,0,0,0,0,0,0,0,0,0,0,1,0,0,0,0,3.32192809488736,0,0,0,0,0,0,0,0,0,0,0,0,0,0
